Date      ,Number,Description
10.10.2019,36    ,Valid Sudoku
10.10.2019,201   ,Bitwise AND of Numbers Range
10.10.2019,34    ,Find First and Last Position of Element in Sorted Array
10.10.2019,33    ,Search in Rotated Sorted Array
09.10.2019,31    ,Next Permutation
05.10.2019,24    ,Swap Nodes in Pairs
05.10.2019,22    ,Generate Parentheses
01.10.2019,19    ,Remove Nth Node From End of List
01.10.2019,18    ,4Sum
01.10.2019,17    ,Letter Combinations of a Phone Number
30.09.2019,16    ,3Sum Closest
24.09.2019,12    ,Integer to Roman
20.09.2019,202   ,Container With Most Water
20.09.2019,202   ,String to Integer (atoi)
18.09.2019,202   ,ZigZag Conversion
17.09.2019,202   ,Longest Palindromic Substring
16.09.2019,202   ,Happy number
16.09.2019,198   ,House Robber
15.09.2019,191   ,Number of 1 Bits
15.09.2019,190   ,Reverse Bits
15.09.2019,189   ,Rotate Array
14.09.2019,172   ,Factorial Trailing Zeroes
14.09.2019,171   ,Excel Sheet Column Number
14.09.2019,169   ,Majority Element
08.09.2019,167   ,Excel Sheet Column Title
08.09.2019,167   ,Two Sum II - Input array is sorted
08.09.2019,160   ,Intersection of Two Linked Lists
07.09.2019,122   ,Best Time to Buy and Sell Stock II
07.09.2019,141   ,Linked List Cycle
07.09.2019,136   ,Single Number
07.09.2019,125   ,Valid Palindrome
07.09.2019,119   ,Pascal's Triangle II
07.09.2019,118   ,Pascal's Triangle
06.09.2019,112   ,Path Sum
06.09.2019,111   ,Minimum Depth of Binary Tree
06.09.2019,110   ,Balanced Binary Tree
